link,title,illustrator
https://hitomi.la/doujinshi/%E3%83%80%E3%83%B3%E3%81%BE%E3%81%A1%E6%9C%AC!-%E6%97%A5%E6%9C%AC%E8%AA%9E-2551072.html,Dunmachi Bon!,shake
https://hitomi.la/cg/dungeon-de-seikoui-o-suru-no-wa-machigatteiru-darou-ka-|-is-it-wrong-to-try-to-have-sexual-intercourse-in-a-dungeon--english-2416300.html,,takahan
https://hitomi.la/doujinshi/kami-sama-zurui-desu!!-%E4%B8%AD%E6%96%87-412380-2281509.html,,arai kazuki
https://hitomi.la/cg/%E3%83%80%E3%83%B3%E3%82%B8%E3%83%A7%E3%83%B3%E3%81%A7%E6%80%A7%E8%A1%8C%E7%82%BA%E3%82%92%E3%81%99%E3%82%8B%E3%81%AE%E3%81%AF%E9%96%93%E9%81%95%E3%81%A3%E3%81%A6%E3%81%84%E3%82%8B%E3%81%A0%E3%82%8D%E3%81%86%E3%81%8B-%E6%97%A5%E6%9C%AC%E8%AA%9E-2280410.html,Dungeon de Seikoui o Suru no wa Machigatteiru Darou ka,takahan
https://hitomi.la/doujinshi/iroikkaizutsu-english-400082-2198668.html,,gemu555
https://hitomi.la/doujinshi/dungeon-no-ana-sono-%E4%B8%AD%E6%96%87-397167-2177412.html,,akaiguppy
https://hitomi.la/doujinshi/dungeon-no-ana-sono-english-395512-2165394.html,,akaiguppy
"https://hitomi.la/doujinshi/bell-sama-daisuki-|-we-love-you,-bell-sama!-english-391027-2134411.html",,yasu rintarou
https://hitomi.la/doujinshi/hobby%60s-block!!-21-kimeseku-chuudoku-familiar-english-385143-2095207.html,,ebisu
https://hitomi.la/doujinshi/danmachi-usui-hon-english-385144-2095208.html,,knyrs
https://hitomi.la/doujinshi/%E3%82%A2%E3%83%8B%E3%82%A6%E3%82%A3%E3%83%B3-%E6%97%A5%E6%9C%AC%E8%AA%9E-383277-2081327.html,Aniu~in,marui
https://hitomi.la/doujinshi/toranomake-%E6%97%A5%E6%9C%AC%E8%AA%9E-369356-1984451.html,,cle masahiro
https://hitomi.la/cg/%E6%A3%AE%E3%81%AE%E5%9B%81%E3%81%8D-%E7%A7%8B%E8%91%89%E7%A7%80%E6%A8%B9cg%E9%9B%8627-%E6%97%A5%E6%9C%AC%E8%AA%9E-1940068.html,Mori no Sasayaki Akiba Hideki CG-Shuu 27,akiba hideki
https://hitomi.la/doujinshi/omodume-box-31-espa%C3%B1ol-1934379.html,,kushikatsu koumei
https://hitomi.la/doujinshi/hobby%60s-block!!-21-kimeseku-chuudoku-familiar-%E4%B8%AD%E6%96%87-352620-1875046.html,,ebisu
https://hitomi.la/doujinshi/omodume-box-31-%E4%B8%AD%E6%96%87-350055-1860735.html,,kushikatsu koumei
https://hitomi.la/doujinshi/dungeon-no-ana-sono-portugu%C3%AAs-1854666.html,,akaiguppy
https://hitomi.la/doujinshi/what-should-i-do-when-the-dungeon-is-under-maintenance-v2.0--english-348610-1852973.html,,nekosaki aoi
https://hitomi.la/doujinshi/secret-dungeon-battle-%E4%B8%AD%E6%96%87-348611-1852974.html,,akaiguppy
https://hitomi.la/doujinshi/secret-dungeon-battle-english-348612-1852975.html,,akaiguppy
https://hitomi.la/doujinshi/%E7%A5%9E%E6%A7%98%E3%82%BA%E3%83%AB%E3%81%84%E3%81%A7%E3%81%99!!-%E6%97%A5%E6%9C%AC%E8%AA%9E-346975-1843002.html,Kami-sama Zurui desu!!,arai kazuki
https://hitomi.la/doujinshi/dungeon-no-ana-sono-espa%C3%B1ol-1841317.html,,akaiguppy
https://hitomi.la/doujinshi/dungeon-no-ana-sono-%E4%B8%AD%E6%96%87-346578-1840591.html,,akaiguppy
https://hitomi.la/doujinshi/dungeon-no-ana-sono-english-346024-1837608.html,,akaiguppy
https://hitomi.la/doujinshi/dungeon-no-ana-sono-|-%EB%8D%98%EC%A0%84%EC%9D%98-%EA%BF%80%EA%B5%AC%EB%A9%8D-%EB%8F%99%EC%82%B0-%ED%95%9C%EA%B5%AD%EC%96%B4-1831187.html,,akaiguppy
https://hitomi.la/doujinshi/%E3%83%80%E3%83%B3%E3%82%B8%E3%83%A7%E3%83%B3%E3%81%AE%E8%9C%9C%E7%A9%B4%E5%9C%92-%E6%97%A5%E6%9C%AC%E8%AA%9E-344895-1830894.html,Dungeon no Ana Sono,akaiguppy
https://hitomi.la/doujinshi/%E3%83%99%E3%83%AB%E6%A7%98%E5%A4%A7%E5%A5%BD%E3%81%8D!-%E6%97%A5%E6%9C%AC%E8%AA%9E-335692-1774414.html,Bell-sama Daisuki,yasu rintarou
https://hitomi.la/doujinshi/welcom-%D1%80%D1%83%D1%81%D1%81%D0%BA%D0%B8%D0%B9-1736022.html,,miyamoto issa
https://hitomi.la/doujinshi/dunmachi-bon!-|-%EB%8D%98%EB%A7%8C%EC%B6%94%EC%B1%85!-%ED%95%9C%EA%B5%AD%EC%96%B4-1720425.html,,shake
https://hitomi.la/doujinshi/what-should-i-do-when-the-dungeon-is-under-maintenance--v2.0-%E4%B8%AD%E6%96%87-325502-1712609.html,,nekosaki aoi
https://hitomi.la/doujinshi/dunmachi-bon!-english-307641-1603897.html,,shake
https://hitomi.la/doujinshi/lili-no-dungeon-seikatsu-support-katsudou-|-lili-s-dungeon-support-activities-english-304110-1583393.html,,tsurugi hagane
https://hitomi.la/cg/%E3%83%80%E3%83%B3%E3%82%B8%E3%83%A7%E3%83%B3%E3%81%AB%E3%82%A8%E3%83%AD%E3%82%92%E6%B1%82%E3%82%81%E3%82%8B%E3%81%AE%E3%81%AF%E9%96%93%E9%81%95%E3%81%A3%E3%81%A6%E3%81%84%E3%82%8B%E3%81%A0%E3%82%8D%E3%81%86%E3%81%8B-%E6%97%A5%E6%9C%AC%E8%AA%9E-1533593.html,Dungeon ni Ero o Motomeru no wa Machigatteiru Darou ka,libonzu
"https://hitomi.la/doujinshi/despite-being-inside-of-the-dungeon,-the-goddess-and-supporter-still-got-creampied-english-290041-1511707.html",,gyonikun
https://hitomi.la/doujinshi/%E3%83%80%E3%83%B3%E3%81%BE%E3%81%A1%E6%9C%AC!-%E6%97%A5%E6%9C%AC%E8%AA%9E-288207-1501548.html,Dunmachi Bon!,shake
https://hitomi.la/doujinshi/half-&-half-vol.-13-english-286112-1490130.html,,suzuki address
https://hitomi.la/doujinshi/%E3%83%91%E3%83%AB%E3%82%A5%E3%83%A0%E3%81%AE%E7%89%B9%E5%88%A5%E3%81%AA%E4%BD%BF%E3%81%84%E6%96%B9-%E6%97%A5%E6%9C%AC%E8%AA%9E-286088-1489968.html,Pallum no Tokubetsu na Tsukaikata,piro
https://hitomi.la/doujinshi/lili-wa-warui-yatsu-nandesu-%E2%99%A5-|-lili-is-a-bad-girl-english-283456-1476084.html,,murasaki orange
https://hitomi.la/doujinshi/welcom-english-283360-1475789.html,,miyamoto issa
https://hitomi.la/doujinshi/lili-ni-omakase-dungeon!!-bahasa%20indonesia-1463678.html,,kyouichirou
https://hitomi.la/doujinshi/welcom-%ED%95%9C%EA%B5%AD%EC%96%B4-1459819.html,,miyamoto issa
https://hitomi.la/cg/deai-kei-dungeon-|-dungeon-of-encounter-english-1385792.html,,koga nozomu
https://hitomi.la/doujinshi/bell-kun-wa-uwakimono-|-%D0%B1%D0%B0%D0%B1%D0%BD%D0%B8%D0%BA-%D0%BB%D0%B8-%D0%B1%D0%B5%D0%BB%D0%BB--%D1%80%D1%83%D1%81%D1%81%D0%BA%D0%B8%D0%B9-1380444.html,,niche
https://hitomi.la/doujinshi/lilisuke-portugu%C3%AAs-1340398.html,,tsurugi hagane
https://hitomi.la/doujinshi/lilisuke-english-256574-1333062.html,,inui sekihiko
https://hitomi.la/cg/%E5%87%BA%E4%BC%9A%E3%81%84%E7%B3%BB%E3%83%80%E3%83%B3%E3%82%B8%E3%83%A7%E3%83%B3-%E6%97%A5%E6%9C%AC%E8%AA%9E-1330097.html,Deaikei Dungeon,kushikatsu koumei
https://hitomi.la/doujinshi/lili-no-dungeon-seikatsu-support-katsudou-%D1%80%D1%83%D1%81%D1%81%D0%BA%D0%B8%D0%B9-1317470.html,,
https://hitomi.la/doujinshi/loli-kamisama-+1-shicoritical-colors---lolita-goddess-+1-shicoritical-hit!!-all-color-book--dungeon-ni-deai-o-motomeru-no-wa-machigatteiru-darou-ka----english-251044-1305520.html,,
https://hitomi.la/doujinshi/omodume-box-31-|-%EC%B6%94%EC%96%B5box-31--decensored--%ED%95%9C%EA%B5%AD%EC%96%B4-1272114.html,,
https://hitomi.la/doujinshi/dungeons-next-dimension-%ED%95%9C%EA%B5%AD%EC%96%B4-1272113.html,,
https://hitomi.la/doujinshi/bell-kun-wa-uwakimono-|-bell-kun-is-a-cheater!-english-240263-1260244.html,,koga nozomu
https://hitomi.la/doujinshi/bell-kun-wa-uwakimono-|-is-bell-a-playboy--english-240252-1260145.html,,koga nozomu
https://hitomi.la/cg/deai-kei-dungeon-|-%EB%A7%8C%EB%82%A8-%EB%8D%98%EC%A0%84-%ED%95%9C%EA%B5%AD%EC%96%B4-1250525.html,,piro
https://hitomi.la/doujinshi/pallum-no-tokubetsu-na-tsukaikata-%ED%95%9C%EA%B5%AD%EC%96%B4-1209177.html,,kyouichirou
https://hitomi.la/doujinshi/lili-ni-omakase-dungeon!!-%ED%95%9C%EA%B5%AD%EC%96%B4-1192445.html,,lapiness
https://hitomi.la/doujinshi/%E3%83%98%E3%82%B9%E3%83%86%E3%82%A3%E3%82%A2%E3%81%AE%E3%81%86%E3%82%93%E3%81%A1%E3%82%92%E9%A3%9F%E3%81%B9%E3%82%8B%E3%81%AE%E3%81%AF%E9%96%93%E9%81%95%E3%81%A3%E3%81%A6%E3%81%84%E3%82%8B%E3%81%A0%E3%82%8D%E3%81%86%E3%81%8B-%E6%97%A5%E6%9C%AC%E8%AA%9E-216139-1148895.html,Hestia no Unko o Taberu no wa Machigatte Iru Darou ka,murasaki orange
https://hitomi.la/doujinshi/lili-wa-warui-yatsu-nandesu-|-%EB%A6%B4%EB%A6%AC%EB%8A%94-%EB%82%98%EC%81%9C-%EB%85%80%EC%84%9D-%EC%9D%B4%EC%97%90%EC%9A%94-%ED%95%9C%EA%B5%AD%EC%96%B4-1138711.html,,murasaki orange
https://hitomi.la/doujinshi/%E3%83%AA%E3%83%AA%E3%81%AF%E6%82%AA%E3%81%84%E5%A5%B4%E3%81%AA%E3%82%93%E3%81%A7%E3%81%99%E2%99%A5-%E6%97%A5%E6%9C%AC%E8%AA%9E-213356-1137544.html,Lili wa Warui Yatsu nandesu,lapiness
https://hitomi.la/doujinshi/%E3%83%98%E3%82%B9%E3%83%86%E3%82%A3%E3%82%A2%E3%81%AE%E3%81%86%E3%82%93%E3%81%A1%E3%82%92%E9%A3%9F%E3%81%B9%E3%82%8B%E3%81%AE%E3%81%AF%E9%96%93%E9%81%95%E3%81%A3%E3%81%A6%E3%81%84%E3%82%8B%E3%81%A0%E3%82%8D%E3%81%86%E3%81%8B-%E6%97%A5%E6%9C%AC%E8%AA%9E-207292-1110724.html,Hestia no Unko o Taberu no wa Machigatte Iru Darou ka,kyouichirou
https://hitomi.la/doujinshi/lili-ni-omakase-dungeon!!-|-leave-it-to-lili-dungeon!-english-202158-1091722.html,,arai kazuki
https://hitomi.la/doujinshi/%E7%A5%9E%E6%A7%98%E3%82%BA%E3%83%AB%E3%81%84%E3%81%A7%E3%81%99!!-%E6%97%A5%E6%9C%AC%E8%AA%9E-201476-1088859.html,Kami-sama Zurui desu!!,kushikatsu koumei
https://hitomi.la/doujinshi/omodume-box-31-english-193555-1056542.html,,tsurugi hagane
https://hitomi.la/doujinshi/%E3%83%AA%E3%83%AA%E3%81%AE%E3%81%A0%E3%82%93%E3%81%98%E3%82%87%E3%82%93%E6%80%A7%E6%B4%BB%E3%82%B5%E3%83%9D%E3%83%BC%E3%83%88%E6%B4%BB%E5%8B%95-%E6%97%A5%E6%9C%AC%E8%AA%9E-193407-1055898.html,Lili no Dungeon Seikatsu Support Katsudou,nekosaki aoi
https://hitomi.la/doujinshi/what-should-i-do-when-the-dungeon-is-under-maintenance--espa%C3%B1ol-1031445.html,,nekosaki aoi
https://hitomi.la/doujinshi/what-should-i-do-when-the-dungeon-is-under-maintenance--english-185676-1021140.html,,suzuki address
https://hitomi.la/doujinshi/%E3%82%AB%E3%82%A4%E3%82%B8%E3%83%A7%E3%82%A6%E3%81%AB%E9%99%90%E5%AE%9A%E3%81%97%E3%81%9F%E5%8D%8A%E5%88%86&%E3%81%AF%E3%83%BC%E3%81%B5%E3%81%A7%E3%81%99%E3%82%88w-half-&-half-vol.13-%E6%97%A5%E6%9C%AC%E8%AA%9E-181360-1005763.html,Half & Half vol. 13,nekosaki aoi
https://hitomi.la/doujinshi/what-should-i-do-when-the-dungeon-is-under-maintenance--|-%EB%8D%98%EC%A0%84-%EC%88%98%EB%A6%AC%EC%A4%91-~%EB%8F%84%EB%8C%80%EC%B2%B4-%EB%AD%98-%ED%95%98%EB%8A%94%EA%B1%B0%EC%95%BC~%EF%BC%9F-%ED%95%9C%EA%B5%AD%EC%96%B4-1002779.html,,kotobuki hajime
https://hitomi.la/cg/%E3%81%8A%E3%81%AA%E3%81%94%E5%B1%8B%E3%82%89%E3%81%8F%E3%81%8C%E3%81%8Dcg%E9%9B%8630-%E6%97%A5%E6%9C%AC%E8%AA%9E-996626.html,Onagoya Rakugaki CG Shuu 30,koga nozomu
https://hitomi.la/doujinshi/bell-kun-wa-uwakimono-%ED%95%9C%EA%B5%AD%EC%96%B4-993860.html,,inui sekihiko
https://hitomi.la/cg/lilisuke-%ED%95%9C%EA%B5%AD%EC%96%B4-983498.html,,piro
https://hitomi.la/doujinshi/loli-kamisama-+1-shicoritical-colors---lolita-goddess-+1-shicoritical-hit!!-all-color-book-%ED%95%9C%EA%B5%AD%EC%96%B4-951307.html,,kyouichirou
https://hitomi.la/cg/%E5%82%AC%E7%9C%A0%E3%82%B9%E3%82%AD%E3%83%AB%E3%82%92%E7%8D%B2%E5%BE%97%E3%81%97%E3%81%9F%E3%81%AE%E3%81%A7%E8%A9%A6%E3%81%97%E3%81%A6%E3%81%BF%E3%81%9F-%E6%97%A5%E6%9C%AC%E8%AA%9E-936846.html,Saimin Skill o Kakutoku Shita node Tameshite Mita,piro
https://hitomi.la/doujinshi/pallum-no-tokubetsu-na-tsukaikata-|-a-special-way-to-use-a-parum-espa%C3%B1ol-926880.html,,
https://hitomi.la/doujinshi/lili-ni-omakase-dungeon!!-%E4%B8%AD%E6%96%87-160525-920844.html,,
https://hitomi.la/doujinshi/pallum-no-tokubetsu-na-tsukaikata-|-a-special-way-to-use-a-parum-english-158254-910715.html,,
https://hitomi.la/doujinshi/%E3%83%AA%E3%83%AA%E3%81%AB%E3%81%8A%E3%81%BE%E3%81%8B%E3%81%9B%E3%83%80%E3%83%B3%E3%82%B8%E3%83%A7%E3%83%B3!!-%E6%97%A5%E6%9C%AC%E8%AA%9E-156841-904442.html,Lili ni Omakase Dungeon!!,kyouichirou
https://hitomi.la/doujinshi/angel-s-stroke-88---dungeon-ni-sei-service-wa-machigatteru!!-english-155244-897486.html,,kutani
https://hitomi.la/doujinshi/dungeon-no-naka-demo-kami-sama-to-supporter-ni-dokkun-nakadashi-%ED%95%9C%EA%B5%AD%EC%96%B4-887389.html,,gyonikun
https://hitomi.la/doujinshi/rst04%EF%BD%9E%E3%83%80%E3%83%B3%E2%97%8F%E3%83%A7%E3%83%B3%E3%81%AB%E5%87%BA%E4%BC%9A%E3%81%84%E3%82%92%E6%B1%82%E3%82%81%E3%82%8B%E3%81%AE%E3%81%AF%E9%96%93%E9%81%95%E3%81%A3%E3%81%A6%E3%81%84%E3%82%8B%E3%81%A0%E3%82%8D%E3%81%86%E3%81%8B%EF%BD%9E-%E6%97%A5%E6%9C%AC%E8%AA%9E-151238-883953.html,RST 04 ~ Dungeon ni Deai o Motomeru no wa Machigatteiru Darou ka ~,j-max japan
https://hitomi.la/doujinshi/lili-no-fushigi-na-ryukku-|-lili-s-mysterious-backpack-%D1%80%D1%83%D1%81%D1%81%D0%BA%D0%B8%D0%B9-883103.html,,marui
https://hitomi.la/doujinshi/lili-no-fushigi-na-ryukku-|-lili-s-mysterious-backpack-espa%C3%B1ol-874592.html,,marui
https://hitomi.la/doujinshi/lili-no-fushigi-na-ryukku-|-lili-s-mysterious-backpack-english-149197-874429.html,,marui
https://hitomi.la/doujinshi/%E3%83%80%E3%83%B3%E3%82%B8%E3%83%A7%E3%83%B3%E3%81%AE%E4%B8%AD%E3%81%A7%E3%82%82%E7%A5%9E%E6%A7%98%E3%81%A8%E3%82%B5%E3%83%9D%E3%83%BC%E3%82%BF%E3%83%BC%E3%81%AB%E3%81%A9%E3%81%A3%E3%81%8F%E3%82%93%E4%B8%AD%E5%87%BA%E3%81%97-%E6%97%A5%E6%9C%AC%E8%AA%9E-148332-869996.html,Dungeon no Naka demo Kami-sama to Supporter ni Dokkun Nakadashi,gyonikun
https://hitomi.la/doujinshi/what-should-i-do-when-the-dungeon-is-under-maintenance--%E4%B8%AD%E6%96%87-148197-869198.html,,nekosaki aoi
https://hitomi.la/doujinshi/pallum-no-tokubetsu-na-tsukaikata--dungeon-ni-deai-o-motomeru-no-wa-machigatteiru-darou-ka---chinese--%E3%80%90%E6%BB%91%E7%A8%BD%E6%B1%89%E5%8C%96%E7%BB%84%E3%80%91-%E4%B8%AD%E6%96%87-148090-868846.html,,piro
https://hitomi.la/doujinshi/pallum-no-tokubetsu-na-tsukaikata-%E4%B8%AD%E6%96%87-148002-868564.html,,piro
https://hitomi.la/doujinshi/%E6%83%B3%E8%A9%B0%E3%82%81box-31-%E6%97%A5%E6%9C%AC%E8%AA%9E-147813-867610.html,Omodume BOX 31,kushikatsu koumei
https://hitomi.la/doujinshi/%E3%83%99%E3%83%AB%E5%90%9B%E3%81%AF%E6%B5%AE%E6%B0%97%E8%80%85-%E6%97%A5%E6%9C%AC%E8%AA%9E-147744-867309.html,Bell-kun wa Uwakimono,koga nozomu
https://hitomi.la/doujinshi/%E3%83%91%E3%83%AB%E3%82%A5%E3%83%A0%E3%81%AE%E7%89%B9%E5%88%A5%E3%81%AA%E4%BD%BF%E3%81%84%E6%96%B9-%E6%97%A5%E6%9C%AC%E8%AA%9E-146051-860805.html,Pallum no Tokubetsu na Tsukaikata,piro
https://hitomi.la/doujinshi/%E3%83%80%E3%83%B3%E3%82%B8%E3%83%A7%E3%83%B3%E3%81%AE%E4%B8%AD%E3%81%A7%E3%82%82%E7%A5%9E%E6%A7%98%E3%81%A8%E3%82%B5%E3%83%9D%E3%83%BC%E3%82%BF%E3%83%BC%E3%81%AB%E3%81%A9%E3%81%A3%E3%81%8F%E3%82%93%E4%B8%AD%E5%87%BA%E3%81%97-%E6%97%A5%E6%9C%AC%E8%AA%9E-145018-856940.html,Dungeon no Naka demo Kami-sama to Supporter ni Dokkun Nakadashi,gyonikun
https://hitomi.la/doujinshi/%E3%82%A4%E3%83%AD%E3%82%A4%E3%83%83%E3%82%AB%E3%82%A4%E3%82%BA%E3%83%84-%E6%97%A5%E6%9C%AC%E8%AA%9E-144916-856675.html,Iroikkaizutsu,gemu555
https://hitomi.la/doujinshi/%E7%9C%9F-%E5%8F%8D%E9%87%8D%E5%8A%9B-xxxi-%E6%97%A5%E6%9C%AC%E8%AA%9E-856672.html,Shin Hanzyuuryoku XXXI,evhor
https://hitomi.la/doujinshi/%E3%83%99%E3%83%AB%E5%90%9B%E3%81%AF%E6%B5%AE%E6%B0%97%E8%80%85-%E6%97%A5%E6%9C%AC%E8%AA%9E-144868-856598.html,Bell-kun wa Uwakimono,koga nozomu
https://hitomi.la/doujinshi/%E3%83%99%E3%83%AB%E3%82%B3%E3%83%B3-%E6%97%A5%E6%9C%AC%E8%AA%9E-143938-853589.html,Welcom,miyamoto issa
https://hitomi.la/doujinshi/hobby%60s-block!!-21-kimeseku-chuudoku-familiar-%ED%95%9C%EA%B5%AD%EC%96%B4-851771.html,,ebisu
https://hitomi.la/doujinshi/%E3%83%91%E3%83%AB%E3%82%A5%E3%83%A0%E3%81%AE%E7%89%B9%E5%88%A5%E3%81%AA%E4%BD%BF%E3%81%84%E6%96%B9-%E6%97%A5%E6%9C%AC%E8%AA%9E-142891-849500.html,Pallum no Tokubetsu na Tsukaikata,piro
https://hitomi.la/doujinshi/hobby%60s-block!!21-%E3%82%AD%E3%83%A1%E3%82%BB%E3%82%AF%E4%B8%AD%E6%AF%92%E3%81%B5%E3%81%81%E3%81%BF%E3%83%BC%E3%82%8A%E3%81%82-%E6%97%A5%E6%9C%AC%E8%AA%9E-142686-848575.html,HOBBY`S BLOCK!! 21 Kimeseku Chuudoku Familiar,ebisu
https://hitomi.la/doujinshi/lili-no-fushigi-na-ryukku-%E4%B8%AD%E6%96%87-142064-846625.html,,marui
https://hitomi.la/doujinshi/%E3%82%8A%E3%82%8A%E3%81%99%E3%81%91-%E6%97%A5%E6%9C%AC%E8%AA%9E-142001-846376.html,Lilisuke,marui
https://hitomi.la/doujinshi/%E3%83%AA%E3%83%AA%E3%81%AE%E3%81%B5%E3%81%97%E3%81%8E%E3%81%AA%E3%83%AA%E3%83%A5%E3%83%83%E3%82%AF-%E6%97%A5%E6%9C%AC%E8%AA%9E-141690-845412.html,Lili no Fushigi na Ryukku,
https://hitomi.la/doujinshi/%E3%83%91%E3%83%AB%E3%82%A5%E3%83%A0%E3%81%AE%E7%89%B9%E5%88%A5%E3%81%AA%E4%BD%BF%E3%81%84%E6%96%B9-%E6%97%A5%E6%9C%AC%E8%AA%9E-140244-838207.html,Pallum no Tokubetsu na Tsukaikata,piro
https://hitomi.la/cg/%E5%87%BA%E4%BC%9A%E3%81%84%E7%B3%BB%E3%83%80%E3%83%B3%E3%82%B8%E3%83%A7%E3%83%B3-%E6%97%A5%E6%9C%AC%E8%AA%9E-836355.html,Deai-kei Dungeon,inui sekihiko
https://hitomi.la/doujinshi/%E3%83%AD%E3%83%AA%E7%A5%9E%E6%A7%98+1-%E3%82%B7%E3%82%B3%E3%83%AA%E3%83%86%E3%82%A3%E3%82%AB%E3%83%AB%E3%82%AB%E3%83%A9%E3%83%BC%E3%82%BA-%E6%97%A5%E6%9C%AC%E8%AA%9E-139395-834937.html,Loli Kamisama +1 Shicoritical Colors - Lolita Goddess +1 shicoritical hit!! all color book,kushikatsu koumei
https://hitomi.la/doujinshi/%E6%83%B3%E8%A9%B0%E3%82%81box31-%E6%97%A5%E6%9C%AC%E8%AA%9E-138517-831668.html,Omodume BOX 31,knyrs
https://hitomi.la/doujinshi/%E3%81%A0%E3%82%93%E3%81%BE%E3%81%A1%E8%96%84%E3%81%84%E6%9C%AC-%E6%97%A5%E6%9C%AC%E8%AA%9E-138438-831379.html,Danmachi Usui Hon,makoushi
https://hitomi.la/cg/%E5%87%BA%E4%BC%9A%E3%81%84%E7%B3%BB%E3%83%80%E3%83%B3%E3%82%B8%E3%83%A7%E3%83%B3-%E6%97%A5%E6%9C%AC%E8%AA%9E-830039.html,Deai-kei Dungeon,
https://hitomi.la/doujinshi/%E3%83%80%E3%83%B3%E3%82%B8%E3%83%A7%E3%83%B3%E3%81%AF%E3%82%A8%E3%83%AD%E3%81%AB%E6%BA%80%E3%81%A1%E6%BA%A2%E3%82%8C%E3%81%A6%E3%81%84%E3%82%8B%E3%81%A8%E6%80%9D%E3%81%86%E3%81%AE%E3%81%AF%E9%96%93%E9%81%95%E3%81%A3%E3%81%A6%E3%81%84%E3%82%8B%E3%81%A0%E3%82%8D%E3%81%86%E3%81%8B-%E6%97%A5%E6%9C%AC%E8%AA%9E-137460-826965.html,Dungeon wa Ero ni michi afurete iru to Omou no wa Machigatteiru Darou ka,
